{
    "accuracy": 53.17744755244755,
    "auc_roc": 0.716232260992137,
    "eer": 0.351474048506852
}