{
    "accuracy": 92.08041958041959,
    "auc_roc": 0.9673638101712729,
    "eer": 0.08021019190237882
}