{
    "accuracy": 97.74475524475524,
    "auc_roc": 0.9913155030957487,
    "eer": 0.022796216115207282
}