{
    "accuracy": 46.86188811188811,
    "auc_roc": 0.6486138636213881,
    "eer": 0.40440375212764224
}