{
    "accuracy": 52.40384615384615,
    "auc_roc": 0.8707891302928188,
    "eer": 0.21566163903004903
}