{
    "accuracy": 38.58828671328671,
    "auc_roc": 0.6578189073069658,
    "eer": 0.3853698834805509
}