{
    "accuracy": 46.36800699300699,
    "auc_roc": 0.8402224592977168,
    "eer": 0.23206463975965747
}