{
    "accuracy": 97.6486013986014,
    "auc_roc": 0.996220564878184,
    "eer": 0.023039170439794268
}