{
    "accuracy": 37.45629370629371,
    "auc_roc": 0.5199381053399622,
    "eer": 0.48000865752609895
}