{
    "accuracy": 75.37587412587412,
    "auc_roc": 0.9339668019818796,
    "eer": 0.08299030237152061
}