{
    "accuracy": 37.6791958041958,
    "auc_roc": 0.518733290592901,
    "eer": 0.48097013703970604
}