{
    "accuracy": 39.16083916083916,
    "auc_roc": 0.6492191400988055,
    "eer": 0.3904754302967737
}